Attribute 1,Attribute 2,Attribute 3,Attribute 4,Attribute 5,Attribute 6,Attribute 7,Attribute 8
1660,1232,Yes,Abilene Christian University,12,60,18.1,20431
2186,1924,Yes,Adelphi University,16,56,12.2,31507
1428,1097,Yes,Adrian College,30,54,12.9,25300
417,349,Yes,Agnes Scott College,37,59,7.7,38751
193,146,Yes,Alaska Pacific University,2,15,11.9,24902
587,479,Yes,Albertson College,11,55,9.4,27737
353,340,Yes,Albertus Magnus College,26,63,11.5,29871
1899,1720,Yes,Albion College,37,73,13.7,31481
1038,839,Yes,Albright College,23,80,11.3,32439
582,498,Yes,Alderson-Broaddus College,15,52,11.5,25299
1732,1425,Yes,Alfred University,31,73,11.3,33986
2652,1900,Yes,Allegheny College,41,76,9.9,34231
1179,780,Yes,Allentown Coll. of St. Francis de Sales,21,74,13.3,24015
1267,1080,Yes,Alma College,32,68,15.3,27229
494,313,Yes,Alverno College,26,55,11.1,23218
1420,1093,Yes,American International College,19,69,14.7,22685
4302,992,Yes,Amherst College,63,100,8.4,48742
1216,908,Yes,Anderson University,14,59,12.1,23264
1130,704,Yes,Andrews University,18,46,11.5,26214
3540,2001,No,Angelo State University,5,34,23.1,15232
713,661,Yes,Antioch University,35,48,11.3,63238
7313,4664,No,Appalachian State University,14,70,18.3,17296
619,516,Yes,Aquinas College,25,65,12.7,23881
12809,10308,No,Arizona State University Main campus,5,48,18.9,19686
708,334,Yes,Arkansas College (Lyon College),24,54,12.6,28445
1734,1729,No,Arkansas Tech University,5,48,19.6,12299
2135,1700,Yes,Assumption College,30,88,13.8,26020
7548,6791,No,Auburn University-Main Campus,18,69,16.7,19383
662,513,Yes,Augsburg College,31,58,12.8,25600
1879,1658,Yes,Augustana College IL,40,71,12.7,28107
761,725,Yes,Augustana College,30,69,10.4,22726
948,798,Yes,Austin College,33,71,13,28533
627,556,Yes,Averett College,11,48,22.4,22683
602,483,Yes,Baker University,21,65,11,21506
1690,1366,Yes,Baldwin-Wallace College,20,85,17.6,25491
261,192,Yes,Barat College,35,71,9.7,24327
1910,838,Yes,Bard College,30,79,10.4,40864
2496,1402,Yes,Barnard College,33,91,10.3,40080
990,784,Yes,Barry University,11,72,12.6,28134
6075,5349,Yes,Baylor University,38,72,18.5,19819
1163,850,Yes,Beaver College,30,73,12.2,28404
807,707,Yes,Bellarmine College,31,84,13.1,20498
632,494,Yes,Belmont Abbey College,10,52,13.2,24180
1220,974,Yes,Belmont University,19,49,11.1,20628
1320,923,Yes,Beloit College,26,69,11.1,33947
1208,877,No,Bemidji State University,16,46,19.6,13337
632,620,Yes,Benedictine College,18,58,14.1,19922
519,327,Yes,Bennington College,33,55,10.1,43264
3466,2330,Yes,Bentley College,20,82,17.5,31731
1858,1221,Yes,Berry College,17,63,16.3,25226
878,816,Yes,Bethany College,29,48,11.6,22071
202,184,Yes,Bethel College KS,32,56,8.8,22344
502,384,Yes,Bethel College,13,35,11.7,18123
1646,1150,Yes,Bethune Cookman College,9,58,13.8,18551
805,588,Yes,Birmingham-Southern College,34,72,14,25934
500,336,Yes,Blackburn College,53,51,14.3,19077
6773,3028,No,Bloomsburg Univ. of Pennsylvania,19,75,18,20013
377,358,Yes,Bluefield College,3,53,17.8,19709
692,514,Yes,Bluffton College,19,58,13.3,24263
20192,13007,Yes,Boston University,16,72,11.9,43566
3356,1019,Yes,Bowdoin College,52,96,11.2,47732
9251,7333,No,Bowling Green State University,14,67,21.1,20022
443,330,Yes,Bradford College,21,46,10.2,37137
3767,3414,Yes,Bradley University,21,85,14.4,26503
4186,2743,Yes,Brandeis University,24,84,9.8,44690
367,274,Yes,Brenau University,12,49,13.7,22606
1436,1228,Yes,Brewton-Parker College,10,18,12.6,14141
392,351,Yes,Briar Cliff College,26,58,13.1,24312
838,673,Yes,Bridgewater College,24,82,13.2,25080
7365,5402,Yes,Brigham Young University at Provo,40,33,20.5,15916
12586,3239,Yes,Brown University,39,97,7.6,47714
1465,810,Yes,Bryn Mawr College,49,89,12.3,44064
6548,3813,Yes,Bucknell University,36,93,14.2,38975
860,688,Yes,Buena Vista College,10,78,8.8,24836
2362,2037,Yes,Butler University,29,83,10.9,29391
599,494,Yes,Cabrini College,36,71,16.5,24485
1011,604,Yes,Caldwell College,25,55,13.9,22847
563,247,Yes,California Lutheran University,17,60,12.4,28423
7811,3817,No,California Polytechnic-San Luis,13,59,19.8,23413
4540,3294,No,California State University at Fresno,8,61,21.2,21868
1784,1512,Yes,Calvin College,41,81,14.8,23336
2087,1339,Yes,Campbell University,34,63,21.8,15179
848,587,Yes,Campbellsville College,13,49,17.7,16421
2853,2193,Yes,Canisius College,26,64,14.6,25592
1747,1382,Yes,Capital University,27,83,12.1,27907
100,90,Yes,Capitol College,24,52,12.1,21622
2694,1579,Yes,Carleton College,60,91,10.4,42309
8728,5201,Yes,Carnegie Mellon University,31,74,9.2,49676
1160,991,Yes,Carroll College,25,79,17.8,25156
1096,951,Yes,Carson-Newman College,16,67,13.6,18916
1616,1427,Yes,Carthage College,22,62,15.9,26064
3877,3156,Yes,Case Western Reserve University,29,67,2.9,42148
1257,940,No,Castleton State College,8,79,14.7,19764
1083,880,Yes,Catawba College,27,55,13.5,24255
1754,1465,Yes,Catholic University of America,18,75,9.3,34497
3847,3433,Yes,Cazenovia College,20,118,14.3,23021
776,607,Yes,Cedar Crest College,39,74,11.7,32086
1307,1090,Yes,Cedarville College,34,64,15.3,20221
369,312,Yes,Centenary College,20,24,9.5,27643
495,434,Yes,Centenary College of Louisiana,25,66,11.3,24625
601,396,Yes,Center for Creative Studies,4,47,6.8,33858
1283,1113,Yes,Central College,29,67,13.5,24292
4158,2532,No,Central Connecticut State University,4,49,16.7,16791
4681,4101,No,Central Missouri State University,4,50,19.7,15959
2785,2011,No,Central Washington University,0,51,18.1,19328
174,146,Yes,Central Wesleyan College,18,58,15.2,15945
1013,888,Yes,Centre College,60,74,11.4,30738
959,771,Yes,Chapman University,6,47,12.8,36911
212,197,Yes,Chatham College,37,52,9.3,36075
342,254,Yes,Chestnut Hill College,29,73,8.3,24629
81,72,Yes,Christendom College,17,58,9.3,24452
880,520,Yes,Christian Brothers University,24,63,11.1,22189
883,766,No,Christopher Newport University,16,48,21.2,19663
1196,697,Yes,Claflin College,31,21,16.9,15455
1860,767,Yes,Claremont McKenna College,52,87,9.6,42803
2887,2059,Yes,Clark University,35,79,10.5,35101
460,340,Yes,Clarke College,27,74,11,23629
2174,1953,Yes,Clarkson University,32,77,15.8,35199
8065,5257,No,Clemson University,17,73,18,21741
689,561,No,Clinch Valley Coll. of  the Univ. of Virginia,9,46,18.1,17774
1006,742,Yes,Coe College,32,67,12.7,31156
604,452,Yes,Coker College,39,75,12.1,24531
2848,1319,Yes,Colby College,41,91,10.2,41974
4856,2492,Yes,Colgate University,45,93,10.5,41819
1432,888,Yes,College Misericordia,23,96,12.9,26674
4772,3140,No,College of Charleston,18,51,17.2,17338
798,620,Yes,College of Mount St. Joseph,35,100,11.1,22669
946,648,Yes,College of Mount St. Vincent,35,83,11.9,29075
344,264,Yes,College of Notre Dame,7,43,10.4,30773
457,356,Yes,College of Notre Dame of Maryland,32,75,11.5,25577
938,864,Yes,College of Saint Benedict,26,72,13.1,26415
511,411,Yes,College of Saint Catherine,32,77,11.5,25429
444,359,Yes,College of Saint Elizabeth,23,78,11.4,26977
983,664,Yes,College of Saint Rose,28,64,14.3,24040
546,447,Yes,College of Santa Fe,7,80,14,25896
141,118,Yes,College of St. Joseph,19,76,9.5,21836
672,596,Yes,College of St. Scholastica,33,72,11.6,26132
2994,1691,Yes,College of the Holy Cross,55,95,11.3,37738
7117,3106,No,College of William and Mary,31,93,12.1,26952
2100,1883,Yes,College of Wooster,43,69,11.1,36070
3207,1577,Yes,Colorado College,51,84,11.3,37646
9478,6312,No,Colorado State University,10,59,19.2,22712
314,158,Yes,Columbia College MO,2,37,15.3,18309
737,614,Yes,Columbia College,34,76,14.7,25093
6756,1930,Yes,Columbia University,21,99,5.9,56777
281,266,Yes,Concordia College at St. Paul,18,45,12.8,22605
232,216,Yes,Concordia Lutheran College,9,42,12.1,19850
688,497,Yes,Concordia University CA,13,55,13.1,25740
528,403,Yes,Concordia University,13,75,12.1,22116
3035,1546,Yes,Connecticut College,40,91,10.7,40913
440,407,Yes,Converse College,31,75,10.2,28115
1538,1329,Yes,Cornell College,31,64,12.2,31261
2967,2836,Yes,Creighton University,32,85,6.5,40611
1576,1110,Yes,Culver-Stockton College,28,51,14.1,18407
995,789,Yes,Cumberland College,4,63,13,18945
866,619,Yes,D'Youville College,42,46,14.6,22128
504,482,Yes,Dana College,25,54,12.6,23038
585,508,Yes,Daniel Webster College,10,72,22.2,26869
8587,2273,Yes,Dartmouth College,49,98,4.7,56884
2373,956,Yes,Davidson College,46,94,12,41557
571,461,Yes,Defiance College,19,56,12.8,23584
967,945,No,Delta State University,16,58,17.1,13221
2762,2279,Yes,Denison University,45,81,11.6,35143
1994,1656,Yes,DePauw University,31,82,11.1,32345
3014,2539,Yes,Dickinson College,39,87,11.2,39406
434,412,No,Dickinson State University,28,46,16.5,13757
1998,1376,Yes,Dillard University,12,61,14.1,20723
793,709,Yes,Doane College,42,60,15.1,20822
360,329,Yes,Dominican College of Blauvelt,5,54,12.7,21690
604,562,Yes,Dordt College,17,87,12.5,23025
1011,829,Yes,Dowling College,7,42,12.4,25141
2799,2573,Yes,Drake University,24,77,15,29898
2153,1580,Yes,Drew University,28,83,10.2,40135
700,650,Yes,Drury College,35,67,13.2,22806
13789,3893,Yes,Duke University,44,97,5,53533
1358,1006,Yes,Earlham College,46,78,10.6,34926
9274,6362,No,East Carolina University,18,58,13.2,21690
3330,2730,No,East Tennessee State University,9,42,14,21425
379,341,Yes,East Texas Baptist University,7,38,15.7,15379
458,369,Yes,Eastern College,22,54,13.6,25805
2172,1493,No,Eastern Connecticut State University,14,50,16.9,17147
5597,4253,No,Eastern Illinois University,5,76,16.2,16308
486,440,Yes,Eastern Mennonite College,29,82,11.4,25538
516,409,Yes,Eastern Nazarene College,17,70,17.3,19850
1422,1109,Yes,Eckerd College,26,59,12.8,36043
2417,1843,Yes,Elizabethtown College,25,81,12.8,29655
1457,1045,Yes,Elmira College,21,64,21.5,28472
245,208,Yes,Elms College,21,86,11.3,27667
3624,2786,Yes,Elon College,34,63,18.9,21579
3151,2584,Yes,Embry Riddle Aeronautical University,4,44,16.5,28018
765,646,Yes,Emory & Henry College,51,82,13.9,23347
8506,4168,Yes,Emory University,28,96,5,53527
1256,1256,No,Emporia State University,4,50,19.3,16410
659,557,Yes,Erskine College,47,67,13.5,23573
560,454,Yes,Eureka College,31,53,10.6,24957
1801,1101,No,Evergreen State College,14,68,18.1,21175
4784,3346,Yes,Fairfield University,30,94,15.1,34220
1455,1064,No,Fayetteville State University,10,24,15.1,17444
1339,1107,Yes,Ferrum College,9,22,12.5,23667
1415,714,Yes,Flagler College,9,69,18.1,14890
1947,1580,Yes,Florida Institute of Technology,7,57,10.6,29213
3306,2079,No,Florida International University,20,66,13.9,19641
1381,1040,Yes,Florida Southern College,10,68,17.4,20279
11651,8683,No,Florida State University,15,58,23.1,19610
291,245,Yes,Fontbonne College,24,62,21.5,18947
4200,2874,Yes,Fordham University,14,80,14.4,34399
3440,2823,No,Fort Lewis College,6,46,19.1,16880
1801,1655,No,Francis Marion University,8,43,19.1,16847
553,452,Yes,Franciscan University of Steubenville,8,83,14.9,21986
804,632,Yes,Franklin College,37,60,12.5,28051
5187,4471,Yes,Franklin Pierce College,16,51,17.6,25668
895,548,Yes,Freed-Hardeman University,13,62,16.1,17118
346,274,Yes,Fresno Pacific College,14,54,10.5,24113
2161,1951,Yes,Furman University,28,82,13.5,32278
2464,1908,Yes,Gannon University,18,65,13.3,24841
1110,930,Yes,Gardner Webb University,12,29,15.2,19114
668,534,Yes,Geneva College,26,74,20.1,22682
809,726,Yes,George Fox College,22,52,13.5,25216
5653,4326,No,George Mason University,7,46,19.3,24021
7875,5062,Yes,George Washington University,15,72,7.6,40173
727,693,Yes,Georgetown College,28,55,13.3,20658
11115,2881,Yes,Georgetown University,27,95,7.2,47436
7837,4527,No,Georgia Institute of Technology,33,70,19.3,24157
3793,2341,No,Georgia State University,10,34,19,21331
348,281,Yes,Georgian Court College,27,76,12.2,21748
3596,2466,Yes,Gettysburg College,32,83,12.1,40012
633,468,Yes,Goldey Beacom College,4,36,27.6,17547
1886,1524,Yes,Gonzaga University,32,69,14.7,30003
674,565,Yes,Gordon College,32,66,14.2,27096
440,396,Yes,Goshen College,46,72,9.9,25250
1151,813,Yes,Goucher College,34,77,9.2,40085
548,428,Yes,Grace College and Seminary,26,64,15.3,23726
555,414,Yes,Graceland College,24,47,23.6,19239
5165,3887,No,Grand Valley State University,9,57,20.6,16471
780,628,Yes,Green Mountain College,24,76,14,22175
608,494,Yes,Greensboro College,31,39,13,21899
510,387,Yes,Greenville College,16,60,14.3,24262
2039,1389,Yes,Grinnell College,54,83,9.5,40085
2491,1110,Yes,Grove City College,18,100,18.4,14104
1202,1054,Yes,Guilford College,30,65,15.6,29178
1709,1385,Yes,Gustavus Adolphus College,58,80,12.5,28732
380,237,Yes,Gwynedd Mercy College,22,96,7.8,25033
3140,1783,Yes,Hamilton College,60,91,9.6,43611
1006,825,Yes,Hamline University,33,65,13,28742
817,644,Yes,Hampden - Sydney College,53,69,13.3,31514
7178,3755,Yes,Hampton University,9,70,14,20070
1006,837,Yes,Hanover College,26,64,10.6,22633
467,424,Yes,Hardin-Simmons University,10,38,13.7,19174
1721,1068,Yes,Harding University,37,73,17.7,17108
2083,1725,Yes,Hartwick College,32,73,12.3,35085
13865,2165,Yes,Harvard University,52,100,9.9,64534
1377,572,Yes,Harvey Mudd College,46,100,8.2,47089
817,708,Yes,Hastings College,17,52,13,22385
823,721,Yes,Hendrix College,26,63,13.1,22283
920,745,Yes,Hillsdale College,31,79,12,29579
922,729,Yes,Hiram College,34,79,10.6,32192
2688,2081,Yes,Hobart and William Smith Colleges,37,79,12.1,39110
7428,5860,Yes,Hofstra University,10,60,13.9,29613
602,498,Yes,Hollins College,48,72,11.1,34292
699,565,Yes,Hood College,34,72,14.4,33574
1712,1483,Yes,Hope College,40,72,12.5,27465
949,786,Yes,Houghton College,24,67,15,23727
608,520,Yes,Huntingdon College,9,44,11.4,21303
450,430,Yes,Huntington College,25,47,11.8,24936
600,197,Yes,Huron University,4,21,12.9,22039
723,652,Yes,Husson College,4,84,22,18573
607,558,Yes,Illinois Benedictine College,29,75,11.6,25322
894,787,Yes,Illinois College,30,52,15.6,20848
1756,1360,Yes,Illinois Institute of Technology,26,56,12.3,33221
8681,6695,No,Illinois State University,16,54,21,19913
3050,1342,Yes,Illinois Wesleyan University,34,83,12.9,29105
268,253,Yes,Immaculata College,33,69,11.2,24169
1163,927,Yes,Incarnate Word College,21,95,11.4,23149
5659,4761,No,Indiana State University,8,40,16.6,20694
16587,13243,No,Indiana University at Bloomington,24,68,21.3,25042
735,423,Yes,Indiana Wesleyan University,15,34,39.8,21254
4892,3530,Yes,Iona College,14,66,16,27307
8427,7424,No,Iowa State University,22,65,19.2,21889
7259,5526,Yes,Ithaca College,25,75,11.5,32062
11223,5285,No,James Madison University,29,98,17.9,18982
472,410,Yes,Jamestown College,21,54,17,14656
2957,1423,No,Jersey City State College,10,26,14.9,19013
605,405,Yes,John Brown University,19,75,13.3,19938
2421,2109,Yes,John Carroll University,28,89,14.5,26038
8474,3446,Yes,Johns Hopkins University,38,90,3.3,83313
833,669,No,Johnson State College,15,36,14.4,20034
313,228,Yes,Judson College,30,56,10.6,24008
1005,859,Yes,Juniata College,37,80,12.7,32247
5880,4075,No,Kansas State University,22,54,18.5,18837
589,575,Yes,Kansas Wesleyan University,14,68,12.4,20085
3121,2446,No,Keene State College,13,61,16.1,19872
584,497,Yes,Kentucky Wesleyan College,32,62,11.3,21008
2212,1538,Yes,Kenyon College,46,88,11.1,38227
461,381,Yes,Keuka College,43,51,13.3,23363
1456,1053,Yes,King's College,37,87,15.6,25914
355,300,Yes,King College,25,65,10.7,24568
1040,845,Yes,Knox College,33,79,12.7,34233
361,321,Yes,La Roche College,14,52,14.2,22346
2929,1834,Yes,La Salle University,9,84,15.1,30904
4010,2402,Yes,Lafayette College,38,92,10.5,41435
544,399,Yes,LaGrange College,12,75,12.5,21889
979,638,Yes,Lake Forest College,19,77,10.7,38777
497,452,Yes,Lakeland College,25,57,17.2,18959
2336,1725,No,Lamar University,12,26,18.4,15642
831,538,Yes,Lambuth University,10,60,16.1,16321
1166,1009,No,Lander University,11,51,17,16274
1243,947,Yes,Lawrence University,57,77,10.1,36519
1470,1199,Yes,Le Moyne College,28,94,13.3,25298
1386,1060,Yes,Lebanon Valley College,30,85,12.3,28326
6397,4304,Yes,Lehigh University,43,91,12.5,40825
979,743,Yes,Lenoir-Rhyne College,20,66,12,24039
244,198,Yes,Lesley College,18,58,27.8,27049
477,417,Yes,LeTourneau University,23,56,20.8,21943
2774,2092,Yes,Lewis and Clark College,21,69,12.3,34989
1154,1050,Yes,Lewis University,10,61,14.3,24481
787,562,Yes,Lincoln Memorial University,35,53,14.6,15917
1660,1091,No,Lincoln University,8,45,12.6,20880
810,484,Yes,Lindenwood College,9,100,24.1,22680
1561,1188,Yes,Linfield College,34,81,17.8,27737
900,473,Yes,Livingstone College,16,92,10.4,18768
3570,2215,No,Lock Haven University of Pennsylvania,14,63,16.1,18071
2747,1870,No,Longwood College,23,62,18.4,20185
1641,1283,Yes,Loras College,24,70,14.2,24478
2013,1053,Yes,Louisiana College,11,59,10.5,17888
5996,4993,No,Louisiana State University at Baton Rouge,11,37,15.9,18488
2397,2144,No,Louisiana Tech University,13,45,20,13102
4076,3137,Yes,Loyola College,27,80,14.7,30238
3768,2662,Yes,Loyola Marymount University,10,84,14.2,33058
1891,1698,Yes,Loyola University,14,53,11.7,27776
3579,2959,Yes,Loyola University Chicago,15,65,6.2,32539
1549,1392,Yes,Luther College,38,77,13.8,26749
1286,1005,Yes,Lycoming College,32,72,14,27624
1756,1500,Yes,Lynchburg College,24,70,12.4,28002
535,502,No,Lyndon State College,15,51,12.6,20174
2939,1496,Yes,Macalester College,37,77,11.9,36094
740,558,Yes,MacMurray College,33,59,10.8,25512
874,758,Yes,Malone College,16,55,17.6,20004
1004,802,Yes,Manchester College,20,64,11.8,24205
2432,1730,Yes,Manhattan College,25,79,13.6,31532
962,750,Yes,Manhattanville College,24,70,11.3,33391
3073,2672,No,Mankato State University,11,68,19,14854
824,670,Yes,Marian College of Fond du Lac,21,59,8.4,19752
1611,960,Yes,Marietta College,30,96,13.2,29273
4731,3171,Yes,Marist College,34,69,17.6,26783
5152,4600,Yes,Marquette University,25,77,13.5,28902
4226,3666,Yes,Marshall University,10,50,16.6,17567
499,441,Yes,Mary Baldwin College,50,90,6.8,31319
4350,2178,No,Mary Washington College,30,84,17.6,19542
478,327,Yes,Marymount College Tarrytown,30,77,10.3,30112
695,535,Yes,Marymount Manhattan College,20,68,11.7,29272
941,772,Yes,Marymount University,17,55,10.6,26495
1464,888,Yes,Maryville College,43,51,11.1,25867
549,397,Yes,Maryville University,13,61,13.1,21500
1107,859,Yes,Marywood College,30,66,11.8,25874
6411,2140,Yes,Massachusetts Institute of Technology,35,94,10.1,61941
233,233,No,Mayville State University,11,51,15.7,16473
1002,555,Yes,McKendree College,21,52,17.7,19372
578,411,Yes,McMurry University,11,32,11,18690
420,293,Yes,McPherson College,45,48,9.8,24794
2286,1668,Yes,Mercer University,15,91,9.2,26961
1557,1074,Yes,Mercyhurst College,29,78,16.7,22595
857,772,Yes,Meredith College,33,82,13.9,18821
1981,1541,Yes,Merrimack College,22,80,16.8,28782
1584,1456,No,Mesa State College,12,59,28.8,15481
1742,1382,Yes,Messiah College,30,89,14.1,24817
9239,7788,No,Miami University at Oxford,20,85,17.6,22544
18114,15096,No,Michigan State University,9,71,14,26016
2618,2288,No,Michigan Technological University,25,65,17,21678
331,331,Yes,MidAmerica Nazarene College,20,49,15.4,22097
6011,3075,No,Millersville University of Penn.,20,71,16.8,21214
610,461,Yes,Milligan College,16,64,12,21178
1444,1261,Yes,Millikin University,25,75,11.4,25852
905,834,Yes,Millsaps College,38,58,12.7,28840
1217,1088,Yes,Milwaukee School of Engineering,23,67,16.7,24975
594,385,Yes,Mississippi College,18,61,16.5,15880
4255,3277,No,Mississippi State University,20,53,15.9,21132
480,405,No,Mississippi University for Women,8,63,15.8,14407
1576,1326,No,Missouri Southern State College,9,100,20.3,11464
1310,983,Yes,Missouri Valley College,16,27,17.4,19233
601,503,Yes,Monmouth College IL,43,56,11.6,29047
2707,1881,Yes,Monmouth College,15,54,14.2,29532
572,544,No,Montana College of Mineral Sci. & Tech.,31,74,16.4,17535
3500,2836,No,Montana State University,8,37,17.6,18436
5220,2128,No,Montclair State University,9,58,21.5,16849
263,223,Yes,Montreat-Anderson College,4,15,11.1,27257
2442,2164,No,Moorhead State University,19,60,18.1,13485
1232,955,Yes,Moravian College,28,74,15.2,31086
3708,1678,Yes,Morehouse College,10,83,17.8,21512
586,533,Yes,Morningside College,32,56,13,23809
882,730,Yes,Morris College,34,60,18.6,17005
1800,1314,Yes,Mount Holyoke College,51,84,9,44859
279,276,Yes,Mount Marty College,38,44,11.7,15897
235,217,Yes,Mount Mary College,26,78,10.7,20760
368,317,Yes,Mount Mercy College,30,64,11.3,23535
325,284,Yes,Mount Saint Clare College,43,21,13.6,21775
1321,1159,Yes,Mount Saint Mary's College,36,80,12.8,29036
1170,695,Yes,Mount Saint Mary College,23,88,15.3,20618
657,537,Yes,Mount St. Mary's College,19,72,11.9,30673
1310,1086,Yes,Mount Union College,35,81,16.7,24545
510,485,Yes,Mount Vernon Nazarene College,7,58,19.8,18815
2519,1836,Yes,Muhlenberg College,39,83,12.8,33878
2225,1910,No,Murray State University,27,52,20.2,15460
1109,922,Yes,Muskingum College,27,73,13.4,27887
513,347,Yes,National-Louis University,2,71,18.3,22645
947,798,Yes,Nazareth College of Rochester,24,61,13.6,26147
1879,1216,No,New Jersey Institute of Technology,19,72,13.5,29287
787,601,No,New Mexico Institute of Mining and Tech.,11,34,13.7,19531
13594,7244,Yes,New York University,16,71,7.8,47687
872,722,Yes,Newberry College,32,83,11.4,20582
2220,1796,Yes,Niagara University,20,65,14.2,23970
1563,1005,No,North Adams State College,17,57,14.2,17934
4809,3089,No,North Carolina A. & T. State University,9,44,16.7,17927
10634,7064,No,North Carolina State University at Raleigh,21,62,17.5,26510
812,689,Yes,North Carolina Wesleyan College,11,52,12.7,24457
1127,884,Yes,North Central College,33,76,16.4,30237
2968,2297,No,North Dakota State University,24,42,17,17488
465,361,Yes,North Park College,24,74,13.1,29184
6040,4577,No,Northeast Missouri State University,13,76,15.7,16373
11901,8492,Yes,Northeastern University,17,46,12.9,32718
5891,4931,No,Northern Arizona University,7,41,21.7,19593
10706,7219,No,Northern Illinois University,11,56,17.3,19401
2729,2535,No,Northwest Missouri State University,23,54,21.7,14035
616,514,Yes,Northwest Nazarene College,20,58,14.8,20193
860,811,Yes,Northwestern College,34,68,14.9,21432
12289,5200,Yes,Northwestern University,25,92,6.8,50653
1743,1625,Yes,Norwich University,22,63,13.1,29913
379,324,Yes,Notre Dame College,26,33,12.1,20838
3041,2581,No,Oakland University,13,53,19.7,20831
4778,2767,Yes,Oberlin College,47,83,10.1,43777
2324,1319,Yes,Occidental College,30,79,10.5,39606
792,649,Yes,Oglethorpe University,27,67,13.1,30518
2936,2342,Yes,Ohio Northern University,31,83,14.5,31474
11023,8298,No,Ohio University,13,64,20.4,23385
2190,1700,Yes,Ohio Wesleyan University,32,75,12.1,35493
758,681,Yes,Oklahoma Baptist University,18,50,15.1,15846
776,765,Yes,Oklahoma Christian University,8,45,16.2,18528
4522,3913,No,Oklahoma State University,14,48,15.3,19013
1496,1205,Yes,Otterbein College,30,87,13.9,27390
910,773,Yes,Ouachita Baptist University,10,65,13.3,17743
2308,1336,Yes,Our Lady of the Lake University,25,37,14.9,21480
8256,3750,Yes,Pace University,10,62,13.8,27994
1603,1392,Yes,Pacific Lutheran University,23,83,11,29347
940,668,Yes,Pacific Union College,12,69,12.3,27463
943,849,Yes,Pacific University,22,42,10.9,30970
944,774,No,Pembroke State University,5,48,15,17611
19315,10344,No,Pennsylvania State Univ. Main Campus,19,63,18.1,26603
3821,2037,Yes,Pepperdine University,13,66,11.6,42355
701,501,No,Peru State College,24,44,20.1,11474
838,651,Yes,Pfeiffer College,13,48,12.2,22289
1538,1259,Yes,Philadelphia Coll. of Textiles and Sci.,15,68,12.9,27044
692,576,Yes,Phillips University,19,39,11.6,24890
663,562,Yes,Piedmont College,17,31,13.2,17919
404,400,Yes,Pikeville College,14,61,13.4,15557
1133,630,Yes,Pitzer College,11,73,10.4,39908
809,687,Yes,Point Loma Nazarene College,19,54,16.1,23813
875,744,Yes,Point Park College,10,66,14.5,23782
1132,847,Yes,Polytechnic University,14,62,10.4,37651
2405,2234,No,Prairie View A. and M. University,1,35,19.4,15937
1082,832,Yes,Presbyterian College,42,85,13.4,25831
13218,2042,Yes,Princeton University,54,99,8.4,56380
5139,3346,Yes,Providence College,35,96,18.4,30285
21804,18744,No,Purdue University at West Lafayette,15,67,18.2,23780
516,392,Yes,Queens College,36,58,14,27815
1025,707,Yes,Quincy University,32,80,16.3,22650
3712,2153,Yes,Quinnipiac College,33,86,12,28517
5702,4894,No,Radford University,9,62,19.6,16713
2088,957,No,Ramapo College of New Jersey,8,47,17.8,18897
1771,1325,Yes,Randolph-Macon College,38,74,10.7,29955
696,616,Yes,Randolph-Macon Woman's College,24,68,9.2,37728
1966,1436,Yes,Reed College,37,68,11.8,42286
427,385,Yes,Regis College,37,84,10.3,31408
4996,4165,Yes,Rensselaer Polytechnic Institute,21,70,15.4,41386
2302,1831,Yes,Rhodes College,47,77,10.8,35406
3586,2424,Yes,Rider University,23,70,12.3,33769
587,501,Yes,Ripon College,49,64,9.4,32772
484,386,Yes,Rivier College,19,81,12.2,23174
2227,1790,Yes,Roanoke College,26,72,13,28905
935,858,Yes,Rockhurst College,21,79,10.7,23109
560,392,Yes,Rocky Mountain College,27,68,11.3,19743
3304,2804,Yes,Roger Williams University,8,61,16.4,27757
1777,1151,Yes,Rollins College,23,90,13.3,34911
434,321,Yes,Rosary College,30,81,12.9,26314
3820,1431,No,Rowan College of New Jersey,6,51,22.1,18038
48094,26330,No,Rutgers at New Brunswick,19,77,19.5,25331
3366,1752,No,Rutgers State University at Camden,12,57,18.6,24992
5785,2690,No,Rutgers State University at Newark,16,58,17.4,26735
2307,1896,Yes,Sacred Heart University,16,82,14.8,24970
897,718,Yes,Saint Ambrose University,16,70,14.1,23914
2095,1553,Yes,Saint Anselm College,29,97,14.5,26639
3971,3306,No,Saint Cloud State University,10,58,18.9,13747
213,166,Yes,Saint Francis College IN,4,48,12.5,21380
1046,824,Yes,Saint Francis College,24,69,19.3,24909
933,800,Yes,Saint John's University,38,70,12,27281
920,684,Yes,Saint Joseph's College IN,19,67,14.8,24360
833,682,Yes,Saint Joseph's College,8,85,27.2,20787
2519,2003,Yes,Saint Joseph's University,13,83,17.4,29383
292,241,Yes,Saint Joseph College,32,76,11.2,27080
3294,2855,Yes,Saint Louis University,19,67,4.6,42387
888,734,Yes,Saint Mary's College,31,98,9.9,30434
876,802,Yes,Saint Mary's College of Minnesota,19,78,18.8,20701
150,130,Yes,Saint Mary-of-the-Woods College,37,75,10.2,26308
1910,1380,Yes,Saint Michael's College,34,84,14.5,30330
2248,1673,Yes,Saint Olaf College,31,83,10,31702
1606,1413,Yes,Saint Peter's College,22,53,12.1,23547
700,595,Yes,Saint Vincent College,31,88,12.3,24720
785,647,Yes,Saint Xavier University,15,55,13.7,25831
489,384,Yes,Salem-Teikyo University,9,98,13,24493
335,284,Yes,Salem College,46,60,11.2,28874
4216,2290,No,Salisbury State University,18,56,17.9,16995
1680,1395,Yes,Samford University,17,61,14.7,23688
9402,7020,No,San Diego State University,7,41,19.5,24436
4019,2779,Yes,Santa Clara University,19,100,13.9,32292
1380,768,Yes,Sarah Lawrence College,18,83,6.1,42073
1109,688,Yes,Savannah Coll. of Art and Design,26,55,16.1,22999
584,413,Yes,Schreiner College,23,52,11.8,25388
855,632,Yes,Scripps College,41,73,8.2,44360
1183,1016,Yes,Seattle Pacific University,20,66,16.8,29762
2115,1540,Yes,Seattle University,16,89,12.2,29375
4576,3565,Yes,Seton Hall University,15,64,14.4,30214
936,794,Yes,Seton Hill College,37,71,11.2,27835
5818,3281,No,Shippensburg University of Penn.,13,72,18.8,20217
540,445,Yes,Shorter College,18,58,13.2,20666
2961,1932,Yes,Siena College,42,100,14.1,25754
464,419,Yes,Siena Heights College,17,47,7.2,24116
1003,782,Yes,Simmons College,33,79,8.9,38896
1016,872,Yes,Simpson College,36,70,15.8,25591
437,400,Yes,Sioux Falls College,7,48,14.8,22135
4293,2728,Yes,Skidmore College,29,81,12.7,40717
2925,1598,Yes,Smith College,44,90,10.3,47959
2807,2589,No,South Dakota State University,29,67,15,13555
2281,1870,No,Southeast Missouri State University,8,45,17.1,16486
818,700,No,Southeastern Oklahoma State Univ.,9,53,19.6,12273
385,340,Yes,Southern California College,11,43,18.6,24311
2540,2195,No,Southern Illinois University at Edwardsville,8,43,16.5,19005
4301,3455,Yes,Southern Methodist University,17,72,13.5,32954
1093,1093,Yes,Southwest Baptist University,13,71,15.9,15688
6118,5254,No,Southwest Missouri State University,11,56,19.9,13822
1047,938,No,Southwest State University,31,51,16.5,16026
321,318,Yes,Southwestern Adventist College,12,36,13,18662
213,155,Yes,Southwestern College,12,52,11.8,20600
1244,912,Yes,Southwestern University,35,67,11.3,31170
283,201,Yes,Spalding University,40,89,10.6,19560
3713,1237,Yes,Spelman College,18,65,12.5,25613
372,362,Yes,Spring Arbor College,9,49,15.4,24138
1489,1313,Yes,St. Bonaventure University,32,78,17.7,26761
323,278,Yes,St. John's College,26,64,7.2,38297
1368,1064,Yes,St. John Fisher College,29,66,14.5,25278
2753,1820,Yes,St. Lawrence University,38,85,11.5,40905
191,165,Yes,St. Martin's College,8,40,14.5,25829
2643,1611,Yes,St. Mary's College of California,17,78,16.1,31519
1340,695,No,St. Mary's College of Maryland,23,63,11.6,23812
1243,1020,Yes,St. Mary's University of San Antonio,7,72,16.2,22623
1334,1243,Yes,St. Norbert College,36,88,15.1,26710
651,581,Yes,St. Paul's College,8,45,14,18276
861,609,Yes,St. Thomas Aquinas College,13,67,16.1,23134
450,405,Yes,Stephens College,17,59,10.9,31695
1557,1227,Yes,Stetson University,24,73,12.5,29152
1768,1249,Yes,Stevens Institute of Technology,33,79,19,36617
4019,1579,No,Stockton College of New Jersey,7,64,19.5,14826
3646,2300,Yes,Stonehill College,30,97,13,27117
13528,9198,No,SUNY at Albany,16,74,17.4,22240
14463,6166,No,SUNY at Binghamton,15,80,18,20903
15039,9649,No,SUNY at Buffalo,15,56,13.6,24123
12512,6969,No,SUNY at Stony Brook,7,57,10.5,26767
7294,3564,No,SUNY College  at Brockport,14,49,19,18847
8000,4556,No,SUNY College  at Oswego,21,63,22,18640
5318,3515,No,SUNY College at Buffalo,12,42,18.7,19881
7888,3519,No,SUNY College at Cortland,17,53,17.8,18697
4877,2798,No,SUNY College at Fredonia,10,66,16.3,19513
8598,4562,No,SUNY College at Geneseo,25,76,19.1,17686
8399,3609,No,SUNY College at New Paltz,8,53,15.3,19448
5549,3583,No,SUNY College at Plattsburgh,16,65,17.9,18880
3150,2289,No,SUNY College at Potsdam,17,59,15.1,19436
2119,1264,No,SUNY College at Purchase,8,46,14.9,21967
2096,1512,Yes,Susquehanna University,37,90,13.9,32594
462,402,Yes,Sweet Briar College,48,61,6.5,40553
10477,7260,Yes,Syracuse University,13,67,11.3,37846
257,183,Yes,Tabor College,15,53,10,20393
4414,1500,Yes,Talladega College,7,46,15.5,17000
1769,1092,Yes,Taylor University,32,98,14.2,24959
232,182,Yes,Tennessee Wesleyan College,16,36,8.9,20554
14474,10519,No,Texas A&M Univ. at College Station,29,69,23.1,19757
529,481,No,Texas A&M University at Galveston,16,43,17.4,15647
4095,3079,Yes,Texas Christian University,23,64,14.8,24018
497,423,Yes,Texas Lutheran College,24,50,13.8,20452
4345,3245,No,Texas Southern University,21,10,18.2,17125
592,501,Yes,Texas Wesleyan University,10,43,14.5,20220
1500,1242,No,The Citadel,17,84,17.1,18432
1154,951,Yes,Thiel College,16,60,11.6,27366
845,734,Yes,Tiffin University,40,39,19,18296
759,729,Yes,Transylvania University,41,70,12.1,27069
5042,2312,No,Trenton State College,6,81,14.4,21006
1262,1102,Yes,Tri-State University,24,65,12.8,23200
3058,1798,Yes,Trinity College CT,48,91,10.4,43714
247,189,Yes,Trinity College DC,37,96,8.3,31048
222,185,Yes,Trinity College VT,26,78,10.4,26854
2425,1818,Yes,Trinity University,20,93,9.6,33083
7033,5125,Yes,Tulane University,21,74,9.1,43060
626,372,Yes,Tusculum College,28,52,21.9,17283
2267,1827,Yes,Tuskegee University,7,65,12.2,23027
484,384,Yes,Union College KY,9,64,14.1,18714
3495,1712,Yes,Union College NY,49,88,11.5,41821
4800,2900,No,Univ. of Wisconsin at OshKosh,14,56,19.2,17577
1797,1260,No,University of Alabama at Birmingham,16,33,6.7,28917
3235,3108,No,University of Arkansas at Fayetteville,10,39,14.8,17648
19873,8252,No,University of California at Berkeley,10,78,15.8,34382
15698,10775,No,University of California at Irvine,11,66,16.1,35868
6986,2959,No,University of Central Florida,9,46,22.2,19894
682,535,Yes,University of Charleston,10,57,2.5,21873
6348,2999,Yes,University of Chicago,36,90,5.3,63918
6855,5553,No,University of Cincinnati,6,54,10.8,29900
9735,7187,No,University of Connecticut at Storrs,16,71,16,29906
681,588,Yes,University of Dallas,26,63,13.4,27421
6361,5293,Yes,University of Dayton,25,93,14.8,25894
14446,10516,Yes,University of Delaware,15,75,18.3,26930
2974,2001,Yes,University of Denver,21,67,15.9,33399
927,731,Yes,University of Detroit Mercy,14,51,13.5,28783
576,558,Yes,University of Dubuque,18,45,16.5,24717
2096,1626,Yes,University of Evansville,26,77,15.8,25580
12445,8836,No,University of Florida,20,66,13.4,28167
11220,7871,No,University of Georgia,22,63,14.7,19458
5081,4040,Yes,University of Hartford,9,66,10.7,32785
3580,2603,No,University of Hawaii at Manoa,6,54,11.8,22299
14939,11652,No,University of Illinois - Urbana,13,81,17.4,23175
8384,5727,No,University of Illinois at Chicago,6,34,10,30059
1487,1276,Yes,University of Indianapolis,23,69,11.1,23865
8579,5561,No,University of Kansas,17,57,13.7,23416
1597,969,Yes,University of La Verne,23,47,14.1,31657
4777,3057,No,University of Louisville,24,31,11.1,23317
1208,803,No,University of Maine at Farmington,26,59,15.9,18589
441,369,No,University of Maine at Machias,4,64,15.1,17215
461,381,No,University of Maine at Presque Isle,11,35,15.2,18713
4269,2594,No,University of Maryland at Baltimore County,6,55,18.4,23882
14292,10315,No,University of Maryland at College Park,12,63,18.1,24990
14438,12414,No,University of Massachusetts at Amherst,15,68,16.7,24639
3347,2597,No,University of Massachusetts at Dartmouth,20,56,15,20631
7122,5386,Yes,University of Miami,17,59,5.9,43141
19152,12940,No,University of Michigan at Ann Arbor,26,87,11.5,37314
4192,3126,No,University of Minnesota at Duluth,11,53,19,22058
1458,874,No,University of Minnesota at Morris,16,51,14.6,21839
11054,6397,No,University of Minnesota Twin Cities,37,45,12.2,32439
3844,3383,No,University of Mississippi,14,53,20.3,16847
6574,4637,No,University of Missouri at Columbia,15,58,12.7,25270
1877,1826,No,University of Missouri at Rolla,23,49,14.4,24491
1618,1141,No,University of Missouri at Saint Louis,15,48,13.4,22431
452,331,Yes,University of Mobile,4,52,16.6,16992
1351,892,No,University of Montevallo,8,51,18.9,14253
6277,6003,No,University of Nebraska at Lincoln,48,53,15.1,18123
1209,750,Yes,University of New England,13,64,11.4,29613
9750,7640,No,University of New Hampshire,16,75,17.5,25997
1757,979,No,University of North Carolina at Asheville,11,37,13,17753
14596,5985,No,University of North Carolina at Chapel Hill,23,83,8.9,30243
5803,4441,No,University of North Carolina at Charlotte,7,62,16.8,19084
5191,4134,No,University of North Carolina at Greensboro,17,53,15.5,21474
6071,3856,No,University of North Carolina at Wilmington,15,55,19.1,19243
2777,2249,No,University of North Dakota,16,49,15.9,19411
1800,1253,No,University of North Florida,14,47,17.8,20302
4418,2737,No,University of North Texas,6,35,22.6,15490
5530,4007,No,University of Northern Colorado,8,40,21.5,20994
4144,3379,No,University of Northern Iowa,26,77,16.3,18435
7700,3700,Yes,University of Notre Dame,46,97,13.1,37136
4743,3970,No,University of Oklahoma,11,44,11.5,22884
8631,6732,No,University of Oregon,13,54,19.7,24382
12394,5232,Yes,University of Pennsylvania,38,93,6.3,52099
8586,6383,No,University of Pittsburgh-Main Campus,10,66,7.8,30435
1758,1485,Yes,University of Portland,17,72,13.2,26900
4044,2826,Yes,University of Puget Sound,17,63,15,34377
9643,7751,No,University of Rhode Island,7,63,16.6,26796
5892,2718,Yes,University of Richmond,32,100,11.7,31594
8766,5498,Yes,University of Rochester,23,80,5.9,51841
3934,2735,Yes,University of San Diego,13,66,15.6,32803
2306,1721,Yes,University of San Francisco,8,62,13.6,32952
285,280,No,University of Sci. and Arts of Oklahoma,3,43,23.6,11871
4471,2942,Yes,University of Scranton,41,92,14.1,28151
848,560,No,University of South Carolina at Aiken,3,48,14.8,15901
7693,5815,No,University of South Carolina at Columbia,18,63,16.9,23278
7589,4676,No,University of South Florida,7,47,17,24236
12229,8498,Yes,University of Southern California,10,68,11.4,43529
1401,1239,No,University of Southern Colorado,0,36,19.4,20357
2379,2133,No,University of Southern Indiana,21,38,22,14168
2850,2044,No,University of Southern Mississippi,23,45,18.7,14039
2057,1807,Yes,University of St. Thomas MN,13,89,13.8,25595
374,280,Yes,University of St. Thomas TX,17,62,12.6,21681
7473,5372,No,University of Tennessee at Knoxville,22,53,16.5,21688
3281,2559,No,University of Texas at Arlington,4,29,21,15248
14752,9572,No,University of Texas at Austin,11,65,19.7,20066
4217,3100,No,University of Texas at San Antonio,3,50,25.3,15461
974,704,Yes,University of the Arts,9,57,7.5,30021
2459,1997,Yes,University of the Pacific,14,65,11.2,37169
1445,966,Yes,University of the South,52,82,10.3,39474
1712,1557,Yes,University of Tulsa,10,47,11.5,31203
5095,4491,No,University of Utah,9,37,12.8,24058
7663,6008,No,University of Vermont,10,79,9.9,34580
15849,5384,No,University of Virginia,22,95,9.5,31101
12749,7025,No,University of Washington,10,65,9,31824
1558,1254,No,University of West Florida,12,53,23.4,20582
2593,1966,No,University of Wisconsin-Stout,17,65,21,17676
910,910,No,University of Wisconsin-Superior,15,36,15.2,18812
4400,3719,No,University of Wisconsin-Whitewater,16,67,23.1,16509
2409,1939,No,University of Wisconsin at Green Bay,1,46,22.2,17343
14901,10932,No,University of Wisconsin at Madison,20,72,11.5,26472
5244,3782,No,University of Wisconsin at Milwaukee,8,38,15.9,22394
2029,1516,No,University of Wyoming,13,45,15.1,20255
663,452,Yes,Upper Iowa University,19,78,17.4,17133
1399,1026,Yes,Ursinus College,40,79,11.6,33442
325,260,Yes,Ursuline College,15,68,10.5,22166
368,344,No,Valley City State University,25,40,14.9,14414
2075,1727,Yes,Valparaiso University,23,95,14.2,26041
7791,4690,Yes,Vanderbilt University,26,83,5.8,49822
3550,1877,Yes,Vassar College,39,90,9.7,43359
7759,5588,Yes,Villanova University,24,96,13.4,33590
4963,3497,No,Virginia Commonwealth University,11,45,8.7,29712
2996,2440,No,Virginia State University,11,31,16,17265
15712,11719,No,Virginia Tech,20,73,13.8,25320
1847,1610,Yes,Virginia Union University,8,30,13.7,19898
1470,900,Yes,Virginia Wesleyan College,14,68,15.7,24854
647,518,Yes,Viterbo College,31,73,10.7,23300
1465,1006,Yes,Voorhees College,3,58,22.9,14533
800,623,Yes,Wabash College,55,72,9.9,33159
1416,1015,Yes,Wagner College,23,75,13.2,30591
5661,2392,Yes,Wake Forest University,37,89,4.3,61726
1092,890,Yes,Walsh University,33,68,11.3,20538
440,311,Yes,Warren Wilson College,20,63,11.4,23982
1231,1074,Yes,Wartburg College,37,67,12.4,24195
1305,1100,Yes,Washington and Jefferson College,40,86,12.1,31227
3315,1096,Yes,Washington and Lee University,45,90,9.6,35900
1209,942,Yes,Washington College,37,65,11.2,32224
6540,5839,No,Washington State University,30,56,16.9,26841
7654,5259,Yes,Washington University,31,90,3.9,72107
1373,1373,No,Wayne State College,29,52,20.3,12110
1190,978,Yes,Waynesburg College,26,63,16.2,20723
280,143,Yes,Webber College,4,90,15.1,15931
665,462,Yes,Webster University,14,48,20.6,21451
2895,1249,Yes,Wellesley College,51,91,10.6,46949
318,240,Yes,Wells College,42,69,8.3,35485
1480,1257,Yes,Wentworth Institute of Technology,8,64,15.4,35528
980,807,Yes,Wesley College,15,84,14.4,22657
4772,1973,Yes,Wesleyan University,39,92,12.1,43792
6502,3539,No,West Chester University of Penn.,16,52,15.3,21125
1164,1062,No,West Liberty State College,10,60,16.3,13419
1566,1400,Yes,West Virginia Wesleyan College,42,67,16.4,27605
3224,2519,No,Western Carolina University,9,55,14.6,17056
1205,984,Yes,Western Maryland College,39,60,12.5,31776
9167,7191,No,Western Michigan University,11,55,24.7,19223
1650,1471,Yes,Western New England College,15,59,15.4,25466
2702,1623,No,Western State College of Colorado,4,52,19.4,16822
5548,3563,No,Western Washington University,10,61,22.7,22495
3100,2150,No,Westfield State College,20,65,15.7,15352
662,553,Yes,Westminster College MO,20,62,12.5,24945
996,866,Yes,Westminster College,41,80,12.5,25391
917,720,Yes,Westminster College of Salt Lake City,34,50,10.5,22665
950,713,No,Westmont College,17,87,14.9,30361
1432,920,Yes,Wheaton College IL,40,85,12.7,29526
1738,1373,Yes,Westminster College PA,41,71,13.2,48684
903,755,Yes,Wheeling Jesuit College,27,72,14.1,23739
1861,998,Yes,Whitman College,51,72,10.5,36318
1681,1069,Yes,Whittier College,29,52,13.6,36224
1121,926,Yes,Whitworth College,20,80,16.9,28590
2139,1492,Yes,Widener University,19,63,12.6,29173
1631,1431,Yes,Wilkes University,24,67,13.3,26633
1658,1327,Yes,Willamette University,37,68,13.3,31389
663,547,Yes,William Jewell College,19,59,11.2,24015
469,435,Yes,William Woods University,16,52,12.9,26588
4186,1245,Yes,Williams College,64,99,9,49133
167,130,Yes,Wilson College,43,67,8.3,27728
1239,1017,Yes,Wingate College,8,91,13.9,20584
3325,2047,No,Winona State University,18,58,20.2,13718
2320,1805,No,Winthrop University,26,59,12.8,19251
152,128,Yes,Wisconsin Lutheran College,26,50,8.5,23660
1979,1739,Yes,Wittenberg University,29,78,12.8,31966
1501,935,Yes,Wofford College,42,75,15.3,26750
2768,2314,Yes,Worcester Polytechnic Institute,34,82,15.2,33288
2197,1515,No,Worcester State College,14,40,21,16866
1959,1805,Yes,Xavier University,31,83,13.3,27519
2097,1915,Yes,Xavier University of Louisiana,20,49,14.4,20821
10705,2453,Yes,Yale University,49,99,5.8,69481
2989,1855,Yes,York College of Pennsylvania,28,99,18.1,14809
